timestamp,price,action,usdt_balance,base_balance,recommendation,q_values
2025-05-23 07:48:06.488649,1.221,HOLD,20.00044131,0.00278,SELL,"[21252.927734375, 22176.833984375, 26405.73828125]"
2025-05-23 07:49:10.267435,1.217,HOLD,20.00044131,0.00278,SELL,"[21546.740234375, 22485.982421875, 26831.994140625]"
2025-05-23 07:50:13.970440,1.216,HOLD,20.00044131,0.00278,SELL,"[21812.3125, 22764.64453125, 27198.84765625]"
2025-05-23 07:50:26.528534+00:00,1.216,HOLD,20.00044131,0.00278,SELL,"[21813.751953125, 22766.154296875, 27200.796875]"
2025-05-23 07:51:30.025469+00:00,1.213,HOLD,20.00044131,0.00278,SELL,"[22125.255859375, 23093.537109375, 27643.568359375]"
2025-05-23 08:11:27.176414+00:00,1.224,BUY,20.00044131,0.00278,BUY,"[33391.48046875, 35847.9921875, 35792.5]"
2025-05-23 08:15:18.014472+00:00,1.227,HOLD,0.98844131,15.50726,BUY,"[40709.44140625, 43636.46484375, 43601.91796875]"
2025-05-23 08:16:21.642999+00:00,1.235,SELL,0.98844131,15.50726,SELL,"[60145.9375, 64335.48046875, 64350.2734375]"
2025-05-23 08:21:38.081956+00:00,1.243,HOLD,20.09631431,0.00726,SELL,"[76974.7421875, 82254.34375, 82313.375]"
2025-05-23 08:22:42.075120+00:00,1.243,HOLD,20.09631431,0.00726,SELL,"[79183.4921875, 84605.859375, 84670.8515625]"
2025-05-23 08:23:45.791020+00:00,1.248,HOLD,20.09631431,0.00726,SELL,"[83485.0234375, 89188.65625, 89263.65625]"
2025-05-23 08:24:49.857093+00:00,1.249,HOLD,20.09631431,0.00726,SELL,"[89100.0625, 95167.234375, 95257.0625]"
2025-05-23 08:25:52.716226+00:00,1.243,HOLD,20.09631431,0.00726,SELL,"[91719.34375, 97951.9296875, 98050.75]"
2025-05-23 08:26:57.029349+00:00,1.248,HOLD,20.09631431,0.00726,SELL,"[94811.7421875, 101247.4453125, 101353.0]"
2025-05-23 08:27:59.916303+00:00,1.247,HOLD,20.09631431,0.00726,SELL,"[95998.9140625, 102510.703125, 102619.78125]"
2025-05-23 08:29:03.888323+00:00,1.249,HOLD,20.09631431,0.00726,SELL,"[97453.015625, 104060.0625, 104172.4375]"
2025-05-23 08:30:07.690524+00:00,1.251,HOLD,20.09631431,0.00726,SELL,"[101367.4375, 108228.75, 108351.0625]"
2025-05-23 08:31:10.981364+00:00,1.249,HOLD,20.09631431,0.00726,SELL,"[105543.2890625, 112673.234375, 112807.4375]"
2025-05-23 08:32:14.205740+00:00,1.248,HOLD,20.09631431,0.00726,SELL,"[113196.2109375, 120820.125, 120975.296875]"
2025-05-23 08:33:17.828877+00:00,1.251,HOLD,20.09631431,0.00726,SELL,"[114293.4453125, 121990.1953125, 122147.375]"
2025-05-23 08:34:21.907855+00:00,1.255,HOLD,20.09631431,0.00726,SELL,"[118596.6015625, 126573.96875, 126741.53125]"
2025-05-23 08:35:25.765965+00:00,1.256,HOLD,20.09631431,0.00726,SELL,"[120756.8203125, 128874.421875, 129047.515625]"
2025-05-23 08:36:29.643254+00:00,1.263,HOLD,20.09631431,0.00726,SELL,"[125970.078125, 134428.828125, 134613.921875]"
2025-05-23 08:37:33.531241+00:00,1.264,HOLD,20.09631431,0.00726,SELL,"[133177.515625, 142102.6875, 142306.9375]"
2025-05-23 08:38:37.607562+00:00,1.27,HOLD,20.09631431,0.00726,SELL,"[137259.78125, 146452.265625, 146665.8125]"
2025-05-23 08:39:41.348569+00:00,1.268,HOLD,20.09631431,0.00726,SELL,"[142994.234375, 152556.203125, 152785.78125]"
2025-05-23 08:40:45.149263+00:00,1.265,HOLD,20.09631431,0.00726,SELL,"[146690.203125, 156489.3125, 156729.734375]"
2025-05-23 08:41:49.103909+00:00,1.268,HOLD,20.09631431,0.00726,SELL,"[148613.453125, 158538.59375, 158783.34375]"
2025-05-23 08:42:53.248238+00:00,1.272,HOLD,20.09631431,0.00726,SELL,"[150141.09375, 160167.25, 160415.0]"
2025-05-23 08:43:56.060936+00:00,1.27,HOLD,20.09631431,0.00726,SELL,"[154057.40625, 164335.5625, 164594.4375]"
2025-05-23 08:44:59.946864+00:00,1.275,HOLD,20.09631431,0.00726,SELL,"[155802.546875, 166196.28125, 166458.484375]"
2025-05-23 08:46:04.105339+00:00,1.274,HOLD,20.09631431,0.00726,SELL,"[157924.03125, 168454.34375, 168722.546875]"
2025-05-23 08:47:07.878330+00:00,1.274,HOLD,20.09631431,0.00726,SELL,"[161266.234375, 172012.5625, 172289.78125]"
2025-05-23 08:48:12.060228+00:00,1.27,HOLD,20.09631431,0.00726,SELL,"[162967.46875, 173821.5, 174104.40625]"
2025-05-23 08:49:15.882366+00:00,1.272,HOLD,20.09631431,0.00726,SELL,"[164382.40625, 175329.015625, 175615.1875]"
2025-05-23 08:50:19.000888+00:00,1.271,HOLD,20.09631431,0.00726,SELL,"[165836.21875, 176876.234375, 177166.609375]"
2025-05-23 08:51:21.682930+00:00,1.27,HOLD,20.09631431,0.00726,SELL,"[169393.453125, 180662.828125, 180963.0625]"
2025-05-23 08:52:24.812479+00:00,1.262,HOLD,20.09631431,0.00726,SELL,"[172791.78125, 184276.140625, 184587.84375]"
2025-05-23 08:53:29.025711+00:00,1.26,HOLD,20.09631431,0.00726,SELL,"[176289.859375, 187999.09375, 188320.84375]"
2025-05-23 08:54:33.226744+00:00,1.262,HOLD,20.09631431,0.00726,SELL,"[179520.734375, 191439.984375, 191769.859375]"
2025-05-23 08:55:36.328476+00:00,1.264,HOLD,20.09631431,0.00726,SELL,"[180825.234375, 192829.984375, 193162.78125]"
2025-05-23 08:56:39.111689+00:00,1.263,HOLD,20.09631431,0.00726,SELL,"[182122.078125, 194210.078125, 194546.6875]"
2025-05-23 08:57:43.123015+00:00,1.259,HOLD,20.09631431,0.00726,SELL,"[185399.828125, 197697.296875, 198043.90625]"
2025-05-23 08:58:47.238641+00:00,1.259,HOLD,20.09631431,0.00726,SELL,"[186752.921875, 199137.828125, 199488.09375]"
2025-05-23 08:59:51.042039+00:00,1.261,HOLD,20.09631431,0.00726,SELL,"[187356.34375, 199781.453125, 200132.75]"
2025-05-23 09:00:53.599138+00:00,1.251,BUY,20.09631431,0.00726,BUY,"[10501.798828125, 11488.6279296875, 11366.552734375]"
2025-05-23 09:05:57.176140+00:00,1.258,HOLD,1.00605431,15.252,BUY,"[20122.11328125, 21739.138671875, 21638.861328125]"
2025-05-23 09:07:00.353220+00:00,1.264,HOLD,1.00605431,15.252,BUY,"[23927.146484375, 25794.658203125, 25702.3984375]"
2025-05-23 09:08:04.381655+00:00,1.264,HOLD,1.00605431,15.252,BUY,"[25317.71875, 27275.107421875, 27186.6015625]"
2025-05-23 09:09:08.287709+00:00,1.26,HOLD,1.00605431,15.252,BUY,"[27696.443359375, 29804.701171875, 29724.03125]"
2025-05-23 09:10:12.342321+00:00,1.264,HOLD,1.00605431,15.252,BUY,"[29048.294921875, 31246.80078125, 31168.357421875]"
2025-05-23 09:11:16.516513+00:00,1.262,HOLD,1.00605431,15.252,BUY,"[30489.08984375, 32779.28515625, 32705.439453125]"
2025-05-23 09:12:20.683976+00:00,1.265,HOLD,1.00605431,15.252,BUY,"[31095.97265625, 33427.53125, 33354.265625]"
2025-05-23 09:13:24.623184+00:00,1.27,HOLD,1.00605431,15.252,BUY,"[33284.4296875, 35760.9296875, 35691.84375]"
2025-05-23 09:14:28.324038+00:00,1.268,HOLD,1.00605431,15.252,BUY,"[36244.4453125, 38910.8671875, 38850.4609375]"
2025-05-23 09:15:32.402774+00:00,1.271,HOLD,1.00605431,15.252,BUY,"[37409.40625, 40153.19921875, 40094.90234375]"
2025-05-23 09:16:35.521685+00:00,1.272,HOLD,1.00605431,15.252,BUY,"[40341.234375, 43275.20703125, 43224.484375]"
2025-05-23 09:17:38.813212+00:00,1.275,HOLD,1.00605431,15.252,BUY,"[44149.18359375, 47331.3046875, 47289.859375]"
2025-05-23 09:18:42.600278+00:00,1.28,HOLD,1.00605431,15.252,BUY,"[46935.7734375, 50301.33203125, 50265.76171875]"
2025-05-23 09:19:46.496987+00:00,1.283,HOLD,1.00605431,15.252,BUY,"[53525.10546875, 57318.5, 57299.7421875]"
2025-05-23 09:20:50.606048+00:00,1.284,HOLD,1.00605431,15.252,BUY,"[57089.9375, 61114.390625, 61104.93359375]"
2025-05-23 09:21:55.069722+00:00,1.291,SELL,1.00605431,15.252,SELL,"[62543.0859375, 66924.4375, 66927.5]"
2025-05-23 09:26:59.313558+00:00,1.282,HOLD,20.65888181,0.002,SELL,"[77472.2578125, 82808.1484375, 82856.609375]"
2025-05-23 09:28:02.920155+00:00,1.286,HOLD,20.65888181,0.002,SELL,"[79425.90625, 84890.328125, 84942.9375]"
2025-05-23 09:29:06.994684+00:00,1.282,HOLD,20.65888181,0.002,SELL,"[83017.4765625, 88711.765625, 88775.1875]"
2025-05-23 09:30:10.765221+00:00,1.281,HOLD,20.65888181,0.002,SELL,"[89491.6484375, 95603.8203125, 95684.984375]"
2025-05-23 09:31:14.706730+00:00,1.288,HOLD,20.65888181,0.002,SELL,"[92702.4453125, 99026.0625, 99113.9609375]"
2025-05-23 09:32:19.058271+00:00,1.29,HOLD,20.65888181,0.002,SELL,"[94481.5546875, 100921.265625, 101013.421875]"
2025-05-23 09:33:22.747244+00:00,1.282,HOLD,20.65888181,0.002,SELL,"[95021.2578125, 101491.390625, 101587.1953125]"
2025-05-23 09:34:25.489362+00:00,1.281,HOLD,20.65888181,0.002,SELL,"[97022.0390625, 103620.90625, 103722.40625]"
2025-05-23 09:35:28.629683+00:00,1.28,HOLD,20.65888181,0.002,SELL,"[98682.7421875, 105388.375, 105494.640625]"
2025-05-23 09:36:32.759193+00:00,1.28,HOLD,20.65888181,0.002,SELL,"[99602.859375, 106367.96875, 106476.703125]"
2025-05-23 09:37:37.368652+00:00,1.28,HOLD,20.65888181,0.002,SELL,"[101645.6484375, 108542.7734375, 108657.03125]"
2025-05-23 09:38:41.652566+00:00,1.279,HOLD,20.65888181,0.002,SELL,"[105682.5546875, 112840.0390625, 112965.46875]"
2025-05-23 09:39:45.184937+00:00,1.281,HOLD,20.65888181,0.002,SELL,"[106546.65625, 113761.125, 113888.3125]"
2025-05-23 09:40:48.288576+00:00,1.28,HOLD,20.65888181,0.002,SELL,"[107612.4296875, 114895.203125, 115025.5625]"
2025-05-23 09:41:52.199707+00:00,1.283,HOLD,20.65888181,0.002,SELL,"[108301.4453125, 115630.484375, 115761.84375]"
2025-05-23 09:42:56.293742+00:00,1.278,HOLD,20.65888181,0.002,SELL,"[109151.546875, 116532.640625, 116667.7265625]"
2025-05-23 09:44:00.315570+00:00,1.28,HOLD,20.65888181,0.002,SELL,"[112209.609375, 119789.515625, 119932.265625]"
2025-05-23 09:45:03.417894+00:00,1.278,HOLD,20.65888181,0.002,SELL,"[114198.0625, 121905.3359375, 122054.03125]"
2025-05-23 09:46:07.237625+00:00,1.274,HOLD,20.65888181,0.002,SELL,"[116273.4921875, 124112.546875, 124268.0078125]"
2025-05-23 09:47:11.159438+00:00,1.276,HOLD,20.65888181,0.002,SELL,"[117615.21875, 125542.171875, 125700.671875]"
2025-05-23 09:48:15.176223+00:00,1.276,HOLD,20.65888181,0.002,SELL,"[119725.8984375, 127789.28125, 127953.4609375]"
2025-05-23 09:49:19.376872+00:00,1.28,HOLD,20.65888181,0.002,SELL,"[120305.3203125, 128408.4765625, 128573.078125]"
2025-05-23 09:50:23.319101+00:00,1.279,HOLD,20.65888181,0.002,SELL,"[123387.0, 131688.765625, 131861.953125]"
2025-05-23 09:51:27.268907+00:00,1.28,HOLD,20.65888181,0.002,SELL,"[123973.0, 132313.203125, 132487.703125]"
2025-05-23 09:52:31.259171+00:00,1.279,HOLD,20.65888181,0.002,SELL,"[125447.1015625, 133882.015625, 134060.765625]"
2025-05-23 09:53:35.712441+00:00,1.269,HOLD,20.65888181,0.002,SELL,"[135672.453125, 144762.296875, 144971.578125]"
2025-05-23 09:54:39.634234+00:00,1.27,HOLD,20.65888181,0.002,SELL,"[136644.890625, 145798.1875, 146009.8125]"
2025-05-23 09:55:43.514681+00:00,1.268,HOLD,20.65888181,0.002,SELL,"[137737.890625, 146960.609375, 147175.78125]"
2025-05-23 09:56:47.214624+00:00,1.273,HOLD,20.65888181,0.002,SELL,"[144765.328125, 154445.28125, 154677.921875]"
2025-05-23 09:57:51.107827+00:00,1.273,HOLD,20.65888181,0.002,SELL,"[145334.71875, 155051.46875, 155285.625]"
2025-05-23 09:58:55.306092+00:00,1.276,HOLD,20.65888181,0.002,SELL,"[146421.921875, 156210.734375, 156446.9375]"
2025-05-23 09:59:59.406431+00:00,1.278,HOLD,20.65888181,0.002,SELL,"[146957.328125, 156781.890625, 157018.984375]"
2025-05-23 10:01:02.206709+00:00,1.276,BUY,20.65888181,0.002,BUY,"[2558.977294921875, 3013.438232421875, 2880.0126953125]"
2025-05-23 10:06:06.210306+00:00,1.262,HOLD,0.97768181,15.3866,BUY,"[18127.99609375, 19612.607421875, 19508.68359375]"
2025-05-23 10:07:10.383986+00:00,1.267,HOLD,0.97768181,15.3866,BUY,"[19705.83203125, 21297.107421875, 21195.1328125]"
2025-05-23 10:08:14.679254+00:00,1.263,HOLD,0.97768181,15.3866,BUY,"[20944.15625, 22611.708984375, 22514.9296875]"
2025-05-23 10:09:18.803818+00:00,1.259,HOLD,0.97768181,15.3866,BUY,"[21349.544921875, 23039.619140625, 22945.74609375]"
2025-05-23 10:10:21.522921+00:00,1.257,HOLD,0.97768181,15.3866,BUY,"[24948.02734375, 26868.865234375, 26785.6015625]"
2025-05-23 10:11:25.841698+00:00,1.256,HOLD,0.97768181,15.3866,BUY,"[26556.88671875, 28580.814453125, 28502.33203125]"
2025-05-23 10:12:29.850675+00:00,1.26,HOLD,0.97768181,15.3866,BUY,"[27494.291015625, 29582.427734375, 29504.6875]"
2025-05-23 10:13:33.656684+00:00,1.255,HOLD,0.97768181,15.3866,BUY,"[28218.486328125, 30348.908203125, 30275.353515625]"
2025-05-23 10:14:37.442744+00:00,1.256,HOLD,0.97768181,15.3866,BUY,"[31884.591796875, 34252.859375, 34188.7578125]"
2025-05-23 10:15:41.427041+00:00,1.251,HOLD,0.97768181,15.3866,BUY,"[33882.171875, 36375.11328125, 36318.58984375]"
2025-05-23 10:16:45.926538+00:00,1.245,HOLD,0.97768181,15.3866,BUY,"[37809.2890625, 40550.8828125, 40507.50390625]"
2025-05-23 10:17:49.422424+00:00,1.245,HOLD,0.97768181,15.3866,BUY,"[42062.99609375, 45079.515625, 45047.6171875]"
2025-05-23 10:18:53.120869+00:00,1.248,HOLD,0.97768181,15.3866,BUY,"[44770.8515625, 47964.953125, 47939.09375]"
2025-05-23 10:19:56.730976+00:00,1.25,HOLD,0.97768181,15.3866,BUY,"[45871.1484375, 49138.09375, 49114.3515625]"
2025-05-23 10:21:01.021252+00:00,1.251,HOLD,0.97768181,15.3866,BUY,"[47720.66796875, 51108.03125, 51088.84375]"
2025-05-23 10:22:04.289810+00:00,1.254,HOLD,0.97768181,15.3866,BUY,"[49879.3046875, 53408.828125, 53394.1640625]"
2025-05-23 10:23:06.651242+00:00,1.252,HOLD,0.97768181,15.3866,BUY,"[50739.515625, 54322.875, 54311.3984375]"
2025-05-23 10:24:10.476251+00:00,1.249,HOLD,0.97768181,15.3866,BUY,"[52148.5625, 55820.3671875, 55813.984375]"
2025-05-23 10:25:15.634238+00:00,1.245,SELL,0.97768181,15.3866,SELL,"[54095.578125, 57889.79296875, 57890.359375]"
2025-05-23 10:30:18.908850+00:00,1.252,HOLD,20.10663371,0.0066,SELL,"[57590.57421875, 61616.5625, 61623.671875]"
2025-05-23 10:31:22.003236+00:00,1.251,HOLD,20.10663371,0.0066,SELL,"[58835.77734375, 62941.4453125, 62952.3125]"
2025-05-23 10:32:25.560105+00:00,1.251,HOLD,20.10663371,0.0066,SELL,"[61047.92578125, 65296.57421875, 65313.4140625]"
2025-05-23 10:33:29.391510+00:00,1.253,HOLD,20.10663371,0.0066,SELL,"[61538.2421875, 65820.171875, 65837.546875]"
2025-05-23 10:34:33.385213+00:00,1.256,HOLD,20.10663371,0.0066,SELL,"[63594.90625, 68012.1953125, 68033.9140625]"
2025-05-23 10:35:37.614897+00:00,1.256,HOLD,20.10663371,0.0066,SELL,"[64491.2265625, 68966.4609375, 68990.59375]"
2025-05-23 10:36:41.702674+00:00,1.25,HOLD,20.10663371,0.0066,SELL,"[65292.50390625, 69814.703125, 69843.3828125]"
2025-05-23 10:37:44.841882+00:00,1.246,HOLD,20.10663371,0.0066,SELL,"[65990.3828125, 70554.546875, 70586.65625]"
2025-05-23 10:38:48.926343+00:00,1.247,HOLD,20.10663371,0.0066,SELL,"[66754.875, 71369.234375, 71403.0234375]"
2025-05-23 10:39:52.294225+00:00,1.248,HOLD,20.10663371,0.0066,SELL,"[67628.7578125, 72300.375, 72336.1328125]"
2025-05-23 10:40:56.475062+00:00,1.252,HOLD,20.10663371,0.0066,SELL,"[71469.2109375, 76392.2109375, 76436.7734375]"
2025-05-23 10:42:00.272770+00:00,1.249,HOLD,20.10663371,0.0066,SELL,"[71984.03125, 76937.921875, 76985.046875]"
2025-05-23 10:43:03.897265+00:00,1.25,HOLD,20.10663371,0.0066,SELL,"[72595.5234375, 77589.734375, 77638.1171875]"
2025-05-23 10:44:08.166664+00:00,1.252,HOLD,20.10663371,0.0066,SELL,"[73063.4609375, 78089.4921875, 78138.359375]"
2025-05-23 10:45:11.909187+00:00,1.252,HOLD,20.10663371,0.0066,SELL,"[73238.96875, 78276.34375, 78325.6875]"
2025-05-23 10:46:16.006054+00:00,1.247,HOLD,20.10663371,0.0066,SELL,"[73684.515625, 78746.7578125, 78799.2421875]"
2025-05-23 10:47:19.555612+00:00,1.248,HOLD,20.10663371,0.0066,SELL,"[74127.2578125, 79218.890625, 79272.1875]"
2025-05-23 10:48:23.492089+00:00,1.251,HOLD,20.10663371,0.0066,SELL,"[74880.359375, 80023.03125, 80077.1875]"
2025-05-23 10:49:27.414759+00:00,1.252,HOLD,20.10663371,0.0066,SELL,"[75279.515625, 80448.78125, 80503.625]"
2025-05-23 10:50:31.472063+00:00,1.251,HOLD,20.10663371,0.0066,SELL,"[76218.9140625, 81448.1015625, 81505.875]"
2025-05-23 10:51:35.309286+00:00,1.256,HOLD,20.10663371,0.0066,SELL,"[80915.0234375, 86451.765625, 86520.2109375]"
2025-05-23 10:52:39.411087+00:00,1.253,HOLD,20.10663371,0.0066,SELL,"[83564.921875, 89270.5, 89347.296875]"
2025-05-23 10:53:43.248722+00:00,1.253,HOLD,20.10663371,0.0066,SELL,"[84123.8046875, 89865.5, 89943.8125]"
2025-05-23 10:54:47.278380+00:00,1.254,HOLD,20.10663371,0.0066,SELL,"[84977.8203125, 90775.5234375, 90855.734375]"
2025-05-23 10:55:50.938923+00:00,1.254,HOLD,20.10663371,0.0066,SELL,"[85567.171875, 91402.9609375, 91484.765625]"
2025-05-23 10:56:54.816563+00:00,1.251,HOLD,20.10663371,0.0066,SELL,"[85931.3515625, 91788.2734375, 91872.2578125]"
2025-05-23 10:57:58.786129+00:00,1.258,HOLD,20.10663371,0.0066,SELL,"[87750.4921875, 93730.671875, 93816.75]"
2025-05-23 10:59:02.490481+00:00,1.259,HOLD,20.10663371,0.0066,SELL,"[88734.8203125, 94779.4453125, 94867.78125]"
2025-05-23 11:01:11.546798+00:00,1.254,BUY,20.10663371,0.0066,BUY,"[4092.889404296875, 4662.59326171875, 4524.6591796875]"
2025-05-23 11:06:15.346463+00:00,1.25,HOLD,0.99298371,15.22137,BUY,"[45295.6171875, 48526.6875, 48500.7421875]"
2025-05-23 11:07:19.387176+00:00,1.249,HOLD,0.99298371,15.22137,BUY,"[47092.546875, 50438.83203125, 50418.1953125]"
2025-05-23 11:08:23.375763+00:00,1.239,SELL,0.99298371,15.22137,SELL,"[53726.9609375, 57493.0390625, 57494.75]"
2025-05-23 11:13:27.622339+00:00,1.238,HOLD,19.81650135,0.00137,SELL,"[72110.4921875, 77063.078125, 77115.21875]"
2025-05-23 11:14:31.305271+00:00,1.239,HOLD,19.81650135,0.00137,SELL,"[73833.1171875, 78897.828125, 78954.234375]"
2025-05-23 11:15:35.384889+00:00,1.24,HOLD,19.81650135,0.00137,SELL,"[74333.265625, 79431.109375, 79488.46875]"
2025-05-23 11:16:39.421896+00:00,1.244,HOLD,19.81650135,0.00137,SELL,"[75112.9609375, 80264.4375, 80322.296875]"
2025-05-23 11:17:43.597634+00:00,1.241,HOLD,19.81650135,0.00137,SELL,"[75859.0078125, 81056.265625, 81117.3359375]"
2025-05-23 11:18:47.579699+00:00,1.242,HOLD,19.81650135,0.00137,SELL,"[81338.15625, 86890.3515625, 86965.8203125]"
2025-05-23 11:19:51.817816+00:00,1.242,HOLD,19.81650135,0.00137,SELL,"[82117.5234375, 87720.09375, 87797.65625]"
2025-05-23 11:20:56.104924+00:00,1.235,HOLD,19.81650135,0.00137,SELL,"[86598.1796875, 92484.78125, 92577.1875]"
2025-05-23 11:22:00.303103+00:00,1.232,HOLD,19.81650135,0.00137,SELL,"[90731.6484375, 96883.09375, 96987.796875]"
2025-05-23 11:23:04.158837+00:00,1.234,HOLD,19.81650135,0.00137,SELL,"[94240.7421875, 100620.53125, 100733.9375]"
2025-05-23 11:24:08.210126+00:00,1.235,HOLD,19.81650135,0.00137,SELL,"[96384.9609375, 102904.1171875, 103022.921875]"
2025-05-23 11:25:12.166578+00:00,1.233,HOLD,19.81650135,0.00137,SELL,"[97678.296875, 104279.4921875, 104402.5625]"
2025-05-23 11:26:16.812576+00:00,1.232,HOLD,19.81650135,0.00137,SELL,"[98885.9765625, 105564.453125, 105691.15625]"
2025-05-23 11:27:20.654713+00:00,1.234,HOLD,19.81650135,0.00137,SELL,"[100437.1171875, 107217.390625, 107347.53125]"
2025-05-23 11:28:24.830309+00:00,1.236,HOLD,19.81650135,0.00137,SELL,"[101057.6953125, 107879.625, 108010.671875]"
2025-05-23 11:29:28.950416+00:00,1.236,HOLD,19.81650135,0.00137,SELL,"[102351.3515625, 109256.90625, 109391.4296875]"
2025-05-23 11:30:32.867380+00:00,1.236,HOLD,19.81650135,0.00137,SELL,"[102893.2421875, 109833.8203125, 109969.8125]"
2025-05-23 11:31:35.859656+00:00,1.236,HOLD,19.81650135,0.00137,SELL,"[103340.5703125, 110310.0625, 110447.25]"
2025-05-23 11:32:41.082124+00:00,1.235,HOLD,19.81650135,0.00137,SELL,"[104079.5859375, 111096.0625, 111235.6328125]"
2025-05-23 11:33:45.340077+00:00,1.233,HOLD,19.81650135,0.00137,SELL,"[104734.4140625, 111791.6640625, 111933.765625]"
2025-05-23 11:34:50.190979+00:00,1.23,HOLD,19.81650135,0.00137,SELL,"[111462.2265625, 118952.015625, 119113.40625]"
2025-05-23 11:35:53.770119+00:00,1.229,HOLD,19.81650135,0.00137,SELL,"[113635.1328125, 121264.609375, 121432.234375]"
2025-05-23 11:36:57.874027+00:00,1.225,HOLD,19.81650135,0.00137,SELL,"[116430.0546875, 124237.21875, 124413.84375]"
2025-05-23 11:38:01.940170+00:00,1.228,HOLD,19.81650135,0.00137,SELL,"[117718.0, 125610.609375, 125789.6328125]"
2025-05-23 11:39:06.676902+00:00,1.231,HOLD,19.81650135,0.00137,SELL,"[118951.7109375, 126926.34375, 127107.5625]"
2025-05-23 11:40:10.584978+00:00,1.229,HOLD,19.81650135,0.00137,SELL,"[119825.8203125, 127855.4140625, 128039.7421875]"
2025-05-23 11:41:13.545729+00:00,1.233,HOLD,19.81650135,0.00137,SELL,"[120518.3359375, 128595.7421875, 128780.4375]"
2025-05-23 11:42:16.280415+00:00,1.234,HOLD,19.81650135,0.00137,SELL,"[120911.4296875, 129015.015625, 129200.390625]"
2025-05-23 11:43:20.264324+00:00,1.239,HOLD,19.81650135,0.00137,SELL,"[122848.3203125, 131081.0, 131269.6875]"
2025-05-23 11:44:24.051856+00:00,1.227,HOLD,19.81650135,0.00137,SELL,"[126519.3515625, 134980.078125, 135183.203125]"
2025-05-23 11:45:28.232960+00:00,1.23,HOLD,19.81650135,0.00137,SELL,"[135155.390625, 144176.515625, 144401.84375]"
2025-05-23 11:46:32.044143+00:00,1.221,HOLD,19.81650135,0.00137,SELL,"[142585.4375, 152080.140625, 152328.796875]"
2025-05-23 11:47:36.061711+00:00,1.209,HOLD,19.81650135,0.00137,SELL,"[164360.890625, 175254.609375, 175566.15625]"
2025-05-23 11:48:39.654945+00:00,1.204,HOLD,19.81650135,0.00137,SELL,"[198785.140625, 211900.453125, 212306.546875]"
2025-05-23 11:49:43.833362+00:00,1.193,HOLD,19.81650135,0.00137,SELL,"[267911.59375, 285487.71875, 286083.78125]"
2025-05-23 11:50:47.992242+00:00,1.198,HOLD,19.81650135,0.00137,SELL,"[296374.625, 315793.53125, 316464.84375]"
2025-05-23 11:51:51.775302+00:00,1.179,HOLD,19.81650135,0.00137,SELL,"[318967.46875, 339835.03125, 340573.03125]"
2025-05-23 11:52:55.824795+00:00,1.176,HOLD,19.81650135,0.00137,SELL,"[354856.03125, 378041.4375, 378877.15625]"
2025-05-23 11:53:59.932717+00:00,1.183,HOLD,19.81650135,0.00137,SELL,"[376248.4375, 400820.53125, 401711.9375]"
2025-05-23 11:55:03.797814+00:00,1.183,HOLD,19.81650135,0.00137,SELL,"[398583.9375, 424599.65625, 425551.28125]"
2025-05-23 11:56:08.075871+00:00,1.175,HOLD,19.81650135,0.00137,SELL,"[412854.46875, 439787.84375, 440780.34375]"
2025-05-23 11:57:11.731731+00:00,1.174,HOLD,19.81650135,0.00137,SELL,"[422288.21875, 449830.78125, 450849.03125]"
2025-05-23 11:58:15.504936+00:00,1.168,HOLD,19.81650135,0.00137,SELL,"[443443.6875, 472350.21875, 473427.15625]"
2025-05-23 11:59:19.379745+00:00,1.165,HOLD,19.81650135,0.00137,SELL,"[459742.75, 489701.03125, 490822.8125]"
2025-05-23 12:00:23.308217+00:00,1.162,BUY,19.81650135,0.00137,BUY,"[7945.19677734375, 8699.939453125, 8603.984375]"
2025-05-23 12:05:27.646065+00:00,1.15,SELL,0.98753135,16.17518,SELL,"[134421.609375, 143345.171875, 143593.28125]"
2025-05-23 12:10:32.756490+00:00,1.139,HOLD,19.58058968,0.00518,SELL,"[183766.578125, 195872.578125, 196257.21875]"
2025-05-23 12:11:36.724768+00:00,1.144,HOLD,19.58058968,0.00518,SELL,"[193369.359375, 206098.609375, 206507.875]"
2025-05-23 12:12:40.773218+00:00,1.142,HOLD,19.58058968,0.00518,SELL,"[198799.171875, 211878.3125, 212302.75]"
2025-05-23 12:13:44.462409+00:00,1.135,HOLD,19.58058968,0.00518,SELL,"[206474.796875, 220046.453125, 220493.375]"
2025-05-23 12:14:48.350447+00:00,1.132,HOLD,19.58058968,0.00518,SELL,"[232798.171875, 248069.671875, 248588.34375]"
2025-05-23 12:15:52.487160+00:00,1.123,HOLD,19.58058968,0.00518,SELL,"[244884.5625, 260932.828125, 261486.3125]"
2025-05-23 12:16:56.715420+00:00,1.118,HOLD,19.58058968,0.00518,SELL,"[276171.34375, 294239.46875, 294878.5]"
2025-05-23 12:17:59.658289+00:00,1.134,HOLD,19.58058968,0.00518,SELL,"[296181.25, 315550.40625, 316239.59375]"
2025-05-23 12:19:03.706422+00:00,1.149,HOLD,19.58058968,0.00518,SELL,"[326757.71875, 348110.875, 348878.71875]"
2025-05-23 12:20:08.352601+00:00,1.15,HOLD,19.58058968,0.00518,SELL,"[341017.46875, 363292.84375, 364098.90625]"
2025-05-23 12:21:13.028600+00:00,1.139,HOLD,19.58058968,0.00518,SELL,"[355661.4375, 378877.46875, 379725.90625]"
2025-05-23 12:22:17.456522+00:00,1.144,HOLD,19.58058968,0.00518,SELL,"[373267.4375, 397623.96875, 398518.65625]"
2025-05-23 12:23:21.451761+00:00,1.146,HOLD,19.58058968,0.00518,SELL,"[383342.65625, 408351.46875, 409272.78125]"
2025-05-23 12:24:25.233920+00:00,1.145,HOLD,19.58058968,0.00518,SELL,"[390349.375, 415810.5, 416751.0]"
2025-05-23 12:25:28.885973+00:00,1.142,HOLD,19.58058968,0.00518,SELL,"[397472.46875, 423392.40625, 424352.90625]"
2025-05-23 12:26:32.949867+00:00,1.152,HOLD,19.58058968,0.00518,SELL,"[406054.59375, 432534.59375, 433515.59375]"
2025-05-23 12:27:37.425664+00:00,1.141,HOLD,19.58058968,0.00518,SELL,"[410961.46875, 437752.6875, 438749.84375]"
2025-05-23 12:28:42.081397+00:00,1.146,HOLD,19.58058968,0.00518,SELL,"[418788.15625, 446087.90625, 447104.875]"
2025-05-23 12:29:45.856942+00:00,1.145,HOLD,19.58058968,0.00518,SELL,"[423987.84375, 451623.125, 452654.34375]"
2025-05-23 12:30:50.102983+00:00,1.145,HOLD,19.58058968,0.00518,SELL,"[434491.28125, 462805.34375, 463864.96875]"
2025-05-23 12:31:53.158008+00:00,1.146,HOLD,19.58058968,0.00518,SELL,"[440908.84375, 469638.3125, 470714.96875]"
2025-05-23 12:32:57.075568+00:00,1.159,HOLD,19.58058968,0.00518,SELL,"[447323.375, 476474.59375, 477565.03125]"
2025-05-23 12:34:01.403335+00:00,1.163,HOLD,19.58058968,0.00518,SELL,"[458447.75, 488320.21875, 489439.5625]"
2025-05-23 12:35:04.930911+00:00,1.164,HOLD,19.58058968,0.00518,SELL,"[467528.75, 497988.71875, 499132.25]"
2025-05-23 12:36:08.751658+00:00,1.158,HOLD,19.58058968,0.00518,SELL,"[474832.0625, 505760.65625, 506925.59375]"
2025-05-23 12:37:12.894026+00:00,1.157,HOLD,19.58058968,0.00518,SELL,"[478279.5625, 509430.375, 510604.90625]"
2025-05-23 12:38:16.639375+00:00,1.158,HOLD,19.58058968,0.00518,SELL,"[480595.15625, 511896.21875, 513076.71875]"
2025-05-23 12:39:20.415621+00:00,1.158,HOLD,19.58058968,0.00518,SELL,"[493763.03125, 525915.125, 527131.125]"
2025-05-23 12:40:25.291190+00:00,1.15,HOLD,19.58058968,0.00518,SELL,"[498768.15625, 531239.375, 532471.0625]"
2025-05-23 12:41:29.428453+00:00,1.155,HOLD,19.58058968,0.00518,SELL,"[501672.5, 534334.125, 535572.3125]"
2025-05-23 12:42:33.647948+00:00,1.153,HOLD,19.58058968,0.00518,SELL,"[504322.65625, 537154.4375, 538400.3125]"
2025-05-23 12:43:37.527668+00:00,1.157,HOLD,19.58058968,0.00518,SELL,"[505443.71875, 538350.1875, 539598.0625]"
2025-05-23 12:44:41.876757+00:00,1.158,HOLD,19.58058968,0.00518,SELL,"[508611.34375, 541723.125, 542979.25]"
2025-05-23 12:45:45.644657+00:00,1.159,HOLD,19.58058968,0.00518,SELL,"[512097.0, 545434.6875, 546699.875]"
2025-05-23 12:46:49.606141+00:00,1.166,HOLD,19.58058968,0.00518,SELL,"[516011.1875, 549605.875, 550879.625]"
2025-05-23 12:47:53.330474+00:00,1.159,HOLD,19.58058968,0.00518,SELL,"[522589.46875, 556605.25, 557898.75]"
2025-05-23 12:48:57.819807+00:00,1.157,HOLD,19.58058968,0.00518,SELL,"[524206.96875, 558326.1875, 559624.625]"
2025-05-23 12:50:01.570922+00:00,1.151,HOLD,19.58058968,0.00518,SELL,"[526433.5625, 560693.3125, 561999.4375]"
2025-05-23 12:51:05.667493+00:00,1.154,HOLD,19.58058968,0.00518,SELL,"[530632.125, 565164.875, 566481.4375]"
2025-05-23 12:52:09.842424+00:00,1.154,HOLD,19.58058968,0.00518,SELL,"[533227.5, 567928.0, 569251.625]"
2025-05-23 12:53:13.898752+00:00,1.157,HOLD,19.58058968,0.00518,SELL,"[536230.25, 571126.5, 572457.375]"
2025-05-23 12:54:17.590450+00:00,1.155,HOLD,19.58058968,0.00518,SELL,"[538373.875, 573407.5625, 574744.75]"
2025-05-23 12:55:21.613897+00:00,1.154,HOLD,19.58058968,0.00518,SELL,"[539563.625, 574673.6875, 576014.4375]"
2025-05-23 12:56:25.925076+00:00,1.157,HOLD,19.58058968,0.00518,SELL,"[541458.0, 576692.125, 578037.1875]"
2025-05-23 12:57:30.185643+00:00,1.156,HOLD,19.58058968,0.00518,SELL,"[543467.375, 578830.8125, 580181.4375]"
2025-05-23 12:58:34.669083+00:00,1.154,HOLD,19.58058968,0.00518,SELL,"[545154.0, 580625.4375, 581981.1875]"
2025-05-23 12:59:38.587506+00:00,1.153,HOLD,19.58058968,0.00518,SELL,"[546258.875, 581801.0625, 583160.125]"
2025-05-23 13:00:42.287063+00:00,1.152,BUY,19.58058968,0.00518,BUY,"[3729.968017578125, 4205.82763671875, 4101.6806640625]"
2025-05-23 13:05:46.757943+00:00,1.157,HOLD,1.01034968,16.10906,BUY,"[20477.974609375, 22042.796875, 21980.625]"
2025-05-23 13:06:51.091564+00:00,1.156,HOLD,1.01034968,16.10906,BUY,"[23412.21875, 25165.814453125, 25111.9921875]"
2025-05-23 13:07:55.740613+00:00,1.154,HOLD,1.01034968,16.10906,BUY,"[24557.966796875, 26383.861328125, 26333.99609375]"
2025-05-23 13:08:59.871277+00:00,1.153,HOLD,1.01034968,16.10906,BUY,"[25830.76953125, 27738.04296875, 27692.046875]"
2025-05-23 13:10:04.973353+00:00,1.154,HOLD,1.01034968,16.10906,BUY,"[27380.919921875, 29389.267578125, 29347.01953125]"
2025-05-23 13:11:08.760928+00:00,1.156,HOLD,1.01034968,16.10906,BUY,"[29372.86328125, 31511.7109375, 31473.97265625]"
2025-05-23 13:12:13.499846+00:00,1.16,HOLD,1.01034968,16.10906,BUY,"[30565.29296875, 32784.67578125, 32748.4453125]"
2025-05-23 13:13:17.651506+00:00,1.158,HOLD,1.01034968,16.10906,BUY,"[34196.2265625, 36648.5625, 36622.9765625]"
2025-05-23 13:14:21.042210+00:00,1.157,HOLD,1.01034968,16.10906,BUY,"[35041.890625, 37548.015625, 37525.140625]"
2025-05-23 13:15:24.892873+00:00,1.157,HOLD,1.01034968,16.10906,BUY,"[37553.0703125, 40221.5, 40205.40234375]"
2025-05-23 13:16:29.377537+00:00,1.159,HOLD,1.01034968,16.10906,BUY,"[39457.16015625, 42250.3828125, 42238.5703125]"
2025-05-23 13:17:33.533892+00:00,1.156,HOLD,1.01034968,16.10906,BUY,"[43063.703125, 46087.421875, 46086.625]"
2025-05-23 13:18:37.616089+00:00,1.159,SELL,1.01034968,16.10906,SELL,"[44491.375, 47609.9765625, 47611.7421875]"
2025-05-23 13:23:42.432032+00:00,1.156,HOLD,19.63550588,0.00906,SELL,"[59232.421875, 63298.7265625, 63342.7734375]"
2025-05-23 13:24:46.374000+00:00,1.159,HOLD,19.63550588,0.00906,SELL,"[60932.00390625, 65110.4921875, 65157.96875]"
2025-05-23 13:25:50.282463+00:00,1.16,HOLD,19.63550588,0.00906,SELL,"[62394.83203125, 66668.6328125, 66719.6796875]"
2025-05-23 13:26:54.168066+00:00,1.163,HOLD,19.63550588,0.00906,SELL,"[64203.2109375, 68596.1875, 68650.9765625]"
2025-05-23 13:27:58.574873+00:00,1.161,HOLD,19.63550588,0.00906,SELL,"[68198.34375, 72848.015625, 72914.3359375]"
2025-05-23 13:29:02.785268+00:00,1.166,HOLD,19.63550588,0.00906,SELL,"[72567.8046875, 77503.6640625, 77579.90625]"
2025-05-23 13:30:06.839286+00:00,1.162,HOLD,19.63550588,0.00906,SELL,"[75543.3828125, 80668.5390625, 80754.3046875]"
2025-05-23 13:31:11.202480+00:00,1.162,HOLD,19.63550588,0.00906,SELL,"[79127.6328125, 84484.4453125, 84579.8828125]"
2025-05-23 13:32:15.480220+00:00,1.169,HOLD,19.63550588,0.00906,SELL,"[89362.5703125, 95386.1328125, 95506.59375]"
2025-05-23 13:33:19.137284+00:00,1.181,HOLD,19.63550588,0.00906,SELL,"[100914.1640625, 107692.90625, 107840.3046875]"
2025-05-23 13:34:22.975355+00:00,1.186,HOLD,19.63550588,0.00906,SELL,"[118004.9453125, 125891.7265625, 126083.5625]"
2025-05-23 13:35:27.259653+00:00,1.189,HOLD,19.63550588,0.00906,SELL,"[134258.578125, 143197.859375, 143432.5625]"
2025-05-23 13:36:32.115507+00:00,1.189,HOLD,19.63550588,0.00906,SELL,"[152823.078125, 162962.234375, 163247.015625]"
2025-05-23 13:37:36.121090+00:00,1.189,HOLD,19.63550588,0.00906,SELL,"[165942.859375, 176929.984375, 177250.171875]"
2025-05-23 13:38:40.211056+00:00,1.181,HOLD,19.63550588,0.00906,SELL,"[175582.515625, 187187.234375, 187536.125]"
2025-05-23 13:39:43.972320+00:00,1.183,HOLD,19.63550588,0.00906,SELL,"[184290.421875, 196459.359375, 196831.0625]"
2025-05-23 13:40:48.082923+00:00,1.178,HOLD,19.63550588,0.00906,SELL,"[189249.609375, 201735.578125, 202122.375]"
2025-05-23 13:41:52.572958+00:00,1.185,HOLD,19.63550588,0.00906,SELL,"[193532.703125, 206300.328125, 206696.3125]"
2025-05-23 13:42:56.217965+00:00,1.188,HOLD,19.63550588,0.00906,SELL,"[197607.859375, 210640.921875, 211046.875]"
2025-05-23 13:43:59.985146+00:00,1.184,HOLD,19.63550588,0.00906,SELL,"[205367.015625, 218898.828125, 219327.078125]"
2025-05-23 13:45:04.226339+00:00,1.187,HOLD,19.63550588,0.00906,SELL,"[207391.53125, 221056.25, 221488.9375]"
2025-05-23 13:46:07.617661+00:00,1.188,HOLD,19.63550588,0.00906,SELL,"[217976.390625, 232325.890625, 232786.8125]"
2025-05-23 13:47:11.663390+00:00,1.186,HOLD,19.63550588,0.00906,SELL,"[222789.34375, 237448.609375, 237923.1875]"
2025-05-23 13:48:16.096784+00:00,1.186,HOLD,19.63550588,0.00906,SELL,"[225563.453125, 240402.0, 240884.0625]"
2025-05-23 13:49:20.288912+00:00,1.193,HOLD,19.63550588,0.00906,SELL,"[229503.234375, 244601.0625, 245091.4375]"
2025-05-23 13:50:24.875496+00:00,1.19,HOLD,19.63550588,0.00906,SELL,"[232744.921875, 248050.25, 248550.375]"
2025-05-23 13:51:28.677818+00:00,1.192,HOLD,19.63550588,0.00906,SELL,"[236963.859375, 252543.21875, 253054.0625]"
2025-05-23 13:52:32.625761+00:00,1.193,HOLD,19.63550588,0.00906,SELL,"[246162.203125, 262336.78125, 262872.09375]"
2025-05-23 13:53:36.699338+00:00,1.197,HOLD,19.63550588,0.00906,SELL,"[251614.9375, 268144.53125, 268693.28125]"
2025-05-23 13:54:40.611005+00:00,1.194,HOLD,19.63550588,0.00906,SELL,"[254577.796875, 271296.96875, 271854.65625]"
2025-05-23 13:55:45.096414+00:00,1.194,HOLD,19.63550588,0.00906,SELL,"[256893.984375, 273762.84375, 274326.78125]"
2025-05-23 13:56:49.663879+00:00,1.2,HOLD,19.63550588,0.00906,SELL,"[260769.765625, 277892.96875, 278465.46875]"
2025-05-23 13:57:53.583965+00:00,1.205,HOLD,19.63550588,0.00906,SELL,"[267805.46875, 285386.53125, 285976.53125]"
2025-05-23 13:58:57.491156+00:00,1.202,HOLD,19.63550588,0.00906,SELL,"[271442.78125, 289257.03125, 289857.75]"
2025-05-23 14:00:01.497165+00:00,1.204,HOLD,19.63550588,0.00906,SELL,"[273269.09375, 291202.65625, 291807.6875]"
2025-05-23 14:01:04.766825+00:00,1.211,BUY,19.63550588,0.00906,BUY,"[17010.494140625, 18385.861328125, 18297.22265625]"
2025-05-23 15:00:39.351048+00:00,1.225,HOLD,0.99494588,15.37368,BUY,"[5399.3876953125, 6036.78271484375, 5910.642578125]"
2025-05-23 15:01:41.496928+00:00,1.227,HOLD,0.99494588,15.37368,BUY,"[8800.091796875, 9658.7431640625, 9541.05859375]"
2025-05-23 15:02:44.437103+00:00,1.228,HOLD,0.99494588,15.37368,BUY,"[10623.353515625, 11600.5751953125, 11487.4501953125]"
2025-05-23 15:03:46.722197+00:00,1.221,HOLD,0.99494588,15.37368,BUY,"[12853.3076171875, 13969.505859375, 13864.9404296875]"
2025-05-23 15:04:50.710100+00:00,1.223,HOLD,0.99494588,15.37368,BUY,"[15604.873046875, 16900.40234375, 16802.52734375]"
2025-05-23 15:05:54.111731+00:00,1.217,HOLD,0.99494588,15.37368,BUY,"[16994.740234375, 18375.53125, 18283.66015625]"
2025-05-23 15:06:57.461769+00:00,1.207,HOLD,0.99494588,15.37368,BUY,"[21956.845703125, 23650.802734375, 23576.04296875]"
2025-05-23 15:08:00.696321+00:00,1.206,HOLD,0.99494588,15.37368,BUY,"[25896.873046875, 27844.748046875, 27780.984375]"
2025-05-23 15:09:03.652632+00:00,1.204,HOLD,0.99494588,15.37368,BUY,"[31636.33203125, 33953.69921875, 33906.14453125]"
2025-05-23 15:10:07.221724+00:00,1.211,HOLD,0.99494588,15.37368,BUY,"[34653.1484375, 37170.67578125, 37128.7109375]"
2025-05-23 15:11:11.053758+00:00,1.212,HOLD,0.99494588,15.37368,BUY,"[39282.87890625, 42100.390625, 42070.546875]"
2025-05-23 15:12:14.042777+00:00,1.212,HOLD,0.99494588,15.37368,BUY,"[41052.98046875, 43984.8984375, 43959.82421875]"
2025-05-23 15:13:17.471788+00:00,1.21,HOLD,0.99494588,15.37368,BUY,"[41908.54296875, 44894.2578125, 44872.234375]"
2025-05-23 15:14:20.724716+00:00,1.207,HOLD,0.99494588,15.37368,BUY,"[44216.0234375, 47348.64453125, 47333.94921875]"
2025-05-23 15:15:23.874397+00:00,1.207,HOLD,0.99494588,15.37368,BUY,"[44981.515625, 48163.6171875, 48150.984375]"
2025-05-23 15:16:26.822674+00:00,1.205,HOLD,0.99494588,15.37368,BUY,"[46386.1796875, 49657.59375, 49649.4765625]"
2025-05-23 15:17:29.367770+00:00,1.203,HOLD,0.99494588,15.37368,BUY,"[48523.09375, 51931.1640625, 51929.53125]"
2025-05-23 16:00:46.532968+00:00,1.172,HOLD,0.99494588,15.37368,BUY,"[5683.85791015625, 6302.50146484375, 6195.4521484375]"
2025-05-23 16:01:49.787903+00:00,1.179,HOLD,0.99494588,15.37368,BUY,"[8707.8681640625, 9527.3349609375, 9425.7939453125]"
2025-05-23 16:02:53.152599+00:00,1.18,HOLD,0.99494588,15.37368,BUY,"[10606.419921875, 11549.3486328125, 11452.5595703125]"
2025-05-23 16:03:56.214710+00:00,1.185,HOLD,0.99494588,15.37368,BUY,"[13058.7890625, 14163.9482421875, 14071.9365234375]"
2025-05-23 16:04:59.583438+00:00,1.179,HOLD,0.99494588,15.37368,BUY,"[19329.591796875, 20835.568359375, 20762.6875]"
2025-05-23 16:06:02.947891+00:00,1.177,HOLD,0.99494588,15.37368,BUY,"[24040.11328125, 25849.0234375, 25789.6015625]"
2025-05-23 16:07:06.369408+00:00,1.176,HOLD,0.99494588,15.37368,BUY,"[27136.69921875, 29144.986328125, 29094.296875]"
2025-05-23 16:08:09.882701+00:00,1.171,HOLD,0.99494588,15.37368,BUY,"[31082.88671875, 33342.3515625, 33304.22265625]"
2025-05-23 16:09:13.179523+00:00,1.175,HOLD,0.99494588,15.37368,BUY,"[33943.515625, 36390.9765625, 36359.03515625]"
2025-05-23 16:10:16.496080+00:00,1.178,HOLD,0.99494588,15.37368,BUY,"[37048.515625, 39698.953125, 39674.25390625]"
2025-05-23 16:11:20.700347+00:00,1.175,HOLD,0.99494588,15.37368,BUY,"[39392.1484375, 42191.76953125, 42174.52734375]"
2025-05-23 16:12:24.040893+00:00,1.176,HOLD,0.99494588,15.37368,BUY,"[40881.171875, 43777.796875, 43764.1953125]"
2025-05-23 16:13:27.056806+00:00,1.172,HOLD,0.99494588,15.37368,BUY,"[43162.65234375, 46203.6484375, 46197.7265625]"
2025-05-26 02:05:51.732033+00:00,1.154,BUY,18.4070963,0.00368,BUY,"[6631.39794921875, 7412.49853515625, 7258.0068359375]"
2025-05-26 02:10:55.758952+00:00,1.152,HOLD,0.9746163,15.0686,BUY,"[15909.9208984375, 17863.732421875, 10460.7734375]"
2025-05-26 02:11:59.850291+00:00,1.153,HOLD,0.9746163,15.0686,HOLD,"[22882.279296875, 22801.396484375, 10145.9775390625]"
2025-05-26 02:13:03.889189+00:00,1.15,HOLD,0.9746163,15.0686,HOLD,"[22916.541015625, 22837.185546875, 10290.0693359375]"
2025-05-26 02:14:07.919518+00:00,1.147,HOLD,0.9746163,15.0686,HOLD,"[23622.451171875, 23545.345703125, 10971.0849609375]"
2025-05-26 02:15:11.977296+00:00,1.146,HOLD,0.9746163,15.0686,HOLD,"[24935.251953125, 24860.1171875, 12063.5732421875]"
2025-05-26 02:16:16.198965+00:00,1.148,HOLD,0.9746163,15.0686,HOLD,"[25433.958984375, 25358.443359375, 12389.6748046875]"
2025-05-26 02:17:20.283193+00:00,1.149,HOLD,0.9746163,15.0686,HOLD,"[25813.96875, 25738.404296875, 12657.2724609375]"
2025-05-26 02:18:24.324614+00:00,1.155,HOLD,0.9746163,15.0686,HOLD,"[27640.533203125, 27564.0703125, 13891.3681640625]"
2025-05-26 02:19:28.734379+00:00,1.152,HOLD,0.9746163,15.0686,HOLD,"[27874.853515625, 27800.166015625, 14198.3095703125]"
2025-05-26 02:20:33.357310+00:00,1.151,HOLD,0.9746163,15.0686,HOLD,"[28148.890625, 28075.013671875, 14457.4404296875]"
2025-05-26 02:21:37.454803+00:00,1.154,HOLD,0.9746163,15.0686,HOLD,"[28637.9453125, 28563.125, 14732.9853515625]"
2025-05-26 02:22:41.446712+00:00,1.154,HOLD,0.9746163,15.0686,HOLD,"[28871.306640625, 28796.75, 14920.5673828125]"
2025-05-26 02:23:45.146617+00:00,1.152,HOLD,0.9746163,15.0686,HOLD,"[28952.294921875, 28878.8359375, 15064.3857421875]"
2025-05-26 02:24:49.279155+00:00,1.152,HOLD,0.9746163,15.0686,HOLD,"[29213.232421875, 29140.076171875, 15274.1328125]"
2025-05-26 02:25:53.164345+00:00,1.15,HOLD,0.9746163,15.0686,HOLD,"[29466.337890625, 29394.451171875, 15554.9482421875]"
2025-05-26 02:26:56.516239+00:00,1.148,HOLD,0.9746163,15.0686,HOLD,"[29662.173828125, 29591.478515625, 15788.4111328125]"
2025-05-26 02:28:00.295834+00:00,1.148,HOLD,0.9746163,15.0686,HOLD,"[30229.154296875, 30159.10546875, 16244.162109375]"
2025-05-26 02:29:04.519019+00:00,1.147,HOLD,0.9746163,15.0686,HOLD,"[31161.283203125, 31092.77734375, 17030.9765625]"
2025-05-26 02:30:08.502980+00:00,1.151,HOLD,0.9746163,15.0686,HOLD,"[32110.896484375, 32041.537109375, 17642.19140625]"
2025-05-26 02:31:11.581901+00:00,1.148,HOLD,0.9746163,15.0686,HOLD,"[32360.884765625, 32293.271484375, 17957.69921875]"
2025-05-26 02:32:16.454450+00:00,1.147,HOLD,0.9746163,15.0686,HOLD,"[32757.228515625, 32690.54296875, 18313.8359375]"
2025-05-26 02:33:19.261274+00:00,1.147,HOLD,0.9746163,15.0686,HOLD,"[33572.84375, 33507.09375, 18969.443359375]"
2025-05-26 02:34:23.014938+00:00,1.146,HOLD,0.9746163,15.0686,HOLD,"[34493.53125, 34429.3046875, 19746.744140625]"
2025-05-26 02:35:26.218667+00:00,1.141,HOLD,0.9746163,15.0686,HOLD,"[36876.59375, 36817.39453125, 21843.857421875]"
2025-05-26 02:36:30.155166+00:00,1.142,HOLD,0.9746163,15.0686,HOLD,"[37468.87890625, 37409.90234375, 22284.23828125]"
2025-05-26 02:37:33.931770+00:00,1.139,HOLD,0.9746163,15.0686,HOLD,"[37911.2109375, 37854.09375, 22746.0625]"
2025-05-26 02:38:38.161786+00:00,1.138,HOLD,0.9746163,15.0686,HOLD,"[39857.70703125, 39803.2578125, 24345.552734375]"
2025-05-26 02:39:41.965546+00:00,1.139,HOLD,0.9746163,15.0686,HOLD,"[40598.47265625, 40544.421875, 24906.150390625]"
2025-05-26 02:40:45.848349+00:00,1.138,HOLD,0.9746163,15.0686,HOLD,"[40935.72265625, 40882.4921875, 25212.0859375]"
2025-05-26 02:41:48.983998+00:00,1.138,HOLD,0.9746163,15.0686,HOLD,"[41196.18359375, 41143.25390625, 25421.453125]"
2025-05-26 02:42:53.179365+00:00,1.141,HOLD,0.9746163,15.0686,HOLD,"[41778.08984375, 41724.48046875, 25783.796875]"
2025-05-26 02:43:57.117949+00:00,1.139,HOLD,0.9746163,15.0686,HOLD,"[43417.484375, 43366.6484375, 27172.140625]"
2025-05-26 02:45:01.521608+00:00,1.137,HOLD,0.9746163,15.0686,HOLD,"[43859.23828125, 43809.78515625, 27596.646484375]"
2025-05-26 02:46:05.439347+00:00,1.138,HOLD,0.9746163,15.0686,HOLD,"[44395.6484375, 44346.37109375, 27993.26171875]"
2025-05-26 02:47:09.478340+00:00,1.135,HOLD,0.9746163,15.0686,HOLD,"[46065.7109375, 46019.6484375, 29438.580078125]"
2025-05-26 02:48:13.900119+00:00,1.133,HOLD,0.9746163,15.0686,HOLD,"[46216.5546875, 46171.5234375, 29627.080078125]"
2025-05-26 02:49:18.014670+00:00,1.134,HOLD,0.9746163,15.0686,HOLD,"[48913.4375, 48871.0546875, 31761.40625]"
2025-05-26 02:50:21.036800+00:00,1.134,HOLD,0.9746163,15.0686,HOLD,"[49567.7109375, 49526.07421875, 32287.32421875]"
2025-05-26 02:51:24.472503+00:00,1.137,HOLD,0.9746163,15.0686,HOLD,"[51686.2109375, 51645.6875, 33888.1484375]"
2025-05-26 02:52:28.374237+00:00,1.138,HOLD,0.9746163,15.0686,HOLD,"[52627.42578125, 52587.5390625, 34610.15234375]"
2025-05-26 02:53:32.362413+00:00,1.142,HOLD,0.9746163,15.0686,HOLD,"[54424.578125, 54384.94140625, 35913.609375]"
2025-05-26 02:54:36.351210+00:00,1.138,HOLD,0.9746163,15.0686,HOLD,"[55798.1484375, 55761.87109375, 37158.8515625]"
2025-05-26 02:55:39.702931+00:00,1.137,HOLD,0.9746163,15.0686,HOLD,"[56250.625, 56215.30859375, 37557.13671875]"
2025-05-26 02:56:43.177416+00:00,1.135,HOLD,0.9746163,15.0686,HOLD,"[56275.99609375, 56241.578125, 37645.8515625]"
2025-05-26 02:57:47.324084+00:00,1.136,HOLD,0.9746163,15.0686,HOLD,"[56772.3359375, 56738.05859375, 38010.7890625]"
2025-05-26 02:58:50.265289+00:00,1.135,HOLD,0.9746163,15.0686,HOLD,"[56796.3125, 56762.4921875, 38064.09375]"
2025-05-26 02:59:54.186947+00:00,1.135,HOLD,0.9746163,15.0686,HOLD,"[57005.875, 56972.2890625, 38232.53515625]"
2025-05-26 03:00:57.752437+00:00,1.135,HOLD,0.9746163,15.0686,BUY,"[12572.0439453125, 12714.8388671875, 4275.8564453125]"
2025-05-26 03:02:00.776474+00:00,1.136,HOLD,0.9746163,15.0686,BUY,"[15247.83203125, 15300.26171875, 5216.501953125]"
2025-05-26 03:03:04.438562+00:00,1.136,HOLD,0.9746163,15.0686,HOLD,"[16192.650390625, 16148.060546875, 5652.43505859375]"
2025-05-26 03:04:08.516991+00:00,1.134,HOLD,0.9746163,15.0686,HOLD,"[16379.68359375, 16334.578125, 5863.97119140625]"
2025-05-26 03:05:12.308165+00:00,1.133,HOLD,0.9746163,15.0686,HOLD,"[16576.90234375, 16529.896484375, 6039.8896484375]"
2025-05-26 03:06:15.548413+00:00,1.138,HOLD,0.9746163,15.0686,HOLD,"[17626.525390625, 17573.208984375, 6686.6083984375]"
2025-05-26 03:07:19.626346+00:00,1.137,HOLD,0.9746163,15.0686,HOLD,"[17807.994140625, 17753.021484375, 6841.5361328125]"
2025-05-26 03:08:23.885526+00:00,1.135,HOLD,0.9746163,15.0686,HOLD,"[18132.443359375, 18074.318359375, 7132.87109375]"
2025-05-26 03:09:28.220207+00:00,1.135,HOLD,0.9746163,15.0686,HOLD,"[18435.173828125, 18374.728515625, 7357.2138671875]"
2025-05-26 03:10:31.968440+00:00,1.134,HOLD,0.9746163,15.0686,HOLD,"[18635.333984375, 18572.962890625, 7535.5693359375]"
2025-05-26 03:11:35.915009+00:00,1.133,HOLD,0.9746163,15.0686,HOLD,"[18674.98046875, 18611.912109375, 7594.7138671875]"
2025-05-26 03:12:40.182631+00:00,1.134,HOLD,0.9746163,15.0686,HOLD,"[19000.12890625, 18934.96484375, 7805.90576171875]"
2025-05-26 03:13:44.209335+00:00,1.138,HOLD,0.9746163,15.0686,HOLD,"[19453.439453125, 19386.140625, 8040.482421875]"
2025-05-26 03:14:48.176443+00:00,1.139,HOLD,0.9746163,15.0686,HOLD,"[19982.65234375, 19911.568359375, 8412.3857421875]"
2025-05-26 03:15:51.969709+00:00,1.139,HOLD,0.9746163,15.0686,HOLD,"[20599.359375, 20523.552734375, 8869.4091796875]"
2025-05-26 03:16:55.593725+00:00,1.142,HOLD,0.9746163,15.0686,HOLD,"[20990.015625, 20913.115234375, 9106.9658203125]"
2025-05-26 03:17:58.260997+00:00,1.141,HOLD,0.9746163,15.0686,HOLD,"[21265.396484375, 21189.115234375, 9352.138671875]"
2025-05-26 03:19:02.152089+00:00,1.141,HOLD,0.9746163,15.0686,HOLD,"[21695.65234375, 21619.859375, 9697.9873046875]"
2025-05-26 03:20:06.245747+00:00,1.144,HOLD,0.9746163,15.0686,HOLD,"[22131.349609375, 22055.154296875, 9977.341796875]"
2025-05-26 03:21:09.643789+00:00,1.141,HOLD,0.9746163,15.0686,HOLD,"[22471.083984375, 22396.17578125, 10321.298828125]"
2025-05-26 03:22:13.380634+00:00,1.142,HOLD,0.9746163,15.0686,HOLD,"[22676.12109375, 22601.142578125, 10462.296875]"
2025-05-26 03:23:17.623261+00:00,1.146,HOLD,0.9746163,15.0686,HOLD,"[23527.958984375, 23452.767578125, 11053.654296875]"
2025-05-26 03:24:21.662247+00:00,1.146,HOLD,0.9746163,15.0686,HOLD,"[24006.041015625, 23931.392578125, 11437.9482421875]"
2025-05-26 03:25:25.638338+00:00,1.147,HOLD,0.9746163,15.0686,HOLD,"[24936.595703125, 24862.716796875, 12163.064453125]"
2025-05-26 03:26:29.454459+00:00,1.148,HOLD,0.9746163,15.0686,HOLD,"[25450.716796875, 25377.1328125, 12553.6162109375]"
2025-05-26 03:27:33.191273+00:00,1.145,HOLD,0.9746163,15.0686,HOLD,"[25590.986328125, 25518.439453125, 12735.0302734375]"
2025-05-26 03:28:37.302477+00:00,1.143,HOLD,0.9746163,15.0686,HOLD,"[25793.64453125, 25721.921875, 12944.6123046875]"
2025-05-26 03:29:41.078742+00:00,1.145,HOLD,0.9746163,15.0686,HOLD,"[26267.15234375, 26195.375, 13278.5458984375]"
2025-05-26 03:30:43.856873+00:00,1.142,HOLD,0.9746163,15.0686,HOLD,"[26741.62890625, 26671.291015625, 13730.2470703125]"
2025-05-26 03:31:47.920731+00:00,1.14,HOLD,0.9746163,15.0686,HOLD,"[26817.646484375, 26748.00390625, 13839.173828125]"
2025-05-26 03:32:51.991230+00:00,1.137,HOLD,0.9746163,15.0686,HOLD,"[26982.978515625, 26914.45703125, 14045.2841796875]"
2025-05-26 03:33:55.816623+00:00,1.139,HOLD,0.9746163,15.0686,HOLD,"[27356.2421875, 27287.521484375, 14296.3134765625]"
2025-05-26 03:34:59.705587+00:00,1.14,HOLD,0.9746163,15.0686,HOLD,"[27506.0390625, 27437.18359375, 14392.5205078125]"
2025-05-26 03:36:02.961526+00:00,1.136,HOLD,0.9746163,15.0686,HOLD,"[27777.689453125, 27710.390625, 14708.8994140625]"
2025-05-26 03:37:06.586684+00:00,1.139,HOLD,0.9746163,15.0686,HOLD,"[28238.931640625, 28171.216796875, 15005.8408203125]"
2025-05-26 03:38:10.362820+00:00,1.141,HOLD,0.9746163,15.0686,HOLD,"[28963.884765625, 28896.380859375, 15540.3642578125]"
2025-05-26 03:39:14.232605+00:00,1.142,HOLD,0.9746163,15.0686,HOLD,"[29952.47265625, 29885.794921875, 16311.197265625]"
2025-05-26 03:40:17.695230+00:00,1.142,HOLD,0.9746163,15.0686,HOLD,"[30092.47265625, 30025.95703125, 16423.736328125]"
2025-05-26 03:41:22.281524+00:00,1.145,HOLD,0.9746163,15.0686,HOLD,"[32860.07421875, 32795.81640625, 18578.09375]"
2025-05-26 03:42:26.561800+00:00,1.14,HOLD,0.9746163,15.0686,HOLD,"[33125.8671875, 33063.421875, 18909.87109375]"
2025-05-26 03:43:30.425925+00:00,1.143,HOLD,0.9746163,15.0686,HOLD,"[34019.65625, 33957.3203125, 19556.876953125]"
2025-05-26 03:44:34.510376+00:00,1.143,HOLD,0.9746163,15.0686,HOLD,"[34448.17578125, 34386.328125, 19901.330078125]"
2025-05-26 03:45:37.486953+00:00,1.145,HOLD,0.9746163,15.0686,HOLD,"[35023.71875, 34961.93359375, 20317.28515625]"
2025-05-26 03:46:41.137575+00:00,1.146,HOLD,0.9746163,15.0686,HOLD,"[35626.5078125, 35565.1171875, 20778.751953125]"
2025-05-26 03:47:43.960094+00:00,1.148,HOLD,0.9746163,15.0686,HOLD,"[36002.0390625, 35940.49609375, 21035.0234375]"
2025-05-26 03:48:47.991287+00:00,1.145,HOLD,0.9746163,15.0686,HOLD,"[36151.53125, 36091.03125, 21223.845703125]"
2025-05-26 03:49:51.768948+00:00,1.146,HOLD,0.9746163,15.0686,HOLD,"[36919.140625, 36859.21875, 21817.80078125]"
2025-05-26 03:50:55.791432+00:00,1.144,HOLD,0.9746163,15.0686,HOLD,"[37031.62890625, 36972.4296875, 21954.541015625]"
2025-05-26 03:51:59.169258+00:00,1.146,HOLD,0.9746163,15.0686,HOLD,"[37792.625, 37733.703125, 22519.923828125]"
2025-05-26 03:53:03.339544+00:00,1.145,HOLD,0.9746163,15.0686,HOLD,"[38073.21875, 38014.91015625, 22768.541015625]"
2025-05-26 03:54:07.386470+00:00,1.141,HOLD,0.9746163,15.0686,HOLD,"[38696.9921875, 38640.59375, 23364.06640625]"
2025-05-26 03:55:11.698651+00:00,1.141,HOLD,0.9746163,15.0686,HOLD,"[38794.3125, 38738.02734375, 23442.30078125]"
2025-05-26 03:56:14.813292+00:00,1.136,HOLD,0.9746163,15.0686,HOLD,"[38951.390625, 38896.83984375, 23690.578125]"
2025-05-26 03:57:18.300890+00:00,1.135,HOLD,0.9746163,15.0686,HOLD,"[39056.5546875, 39002.5859375, 23811.544921875]"
2025-05-26 03:58:21.972342+00:00,1.135,HOLD,0.9746163,15.0686,HOLD,"[39382.08203125, 39328.484375, 24073.212890625]"
2025-05-26 03:59:26.068512+00:00,1.134,HOLD,0.9746163,15.0686,HOLD,"[39487.23046875, 39434.2109375, 24193.857421875]"
2025-05-26 04:00:29.307693+00:00,1.135,HOLD,0.9746163,15.0686,BUY,"[13464.607421875, 13573.47265625, 4584.84326171875]"
2025-05-26 04:01:32.589306+00:00,1.134,HOLD,0.9746163,15.0686,HOLD,"[16157.908203125, 16113.8544921875, 5706.5966796875]"
2025-05-26 04:02:36.597181+00:00,1.133,HOLD,0.9746163,15.0686,HOLD,"[16728.888671875, 16680.552734375, 6165.31103515625]"
2025-05-26 04:03:39.653068+00:00,1.134,HOLD,0.9746163,15.0686,HOLD,"[17536.322265625, 17482.22265625, 6731.82958984375]"
2025-05-26 04:04:43.370653+00:00,1.134,HOLD,0.9746163,15.0686,HOLD,"[18047.125, 17989.11328125, 7110.37060546875]"
2025-05-26 04:05:46.265740+00:00,1.136,HOLD,0.9746163,15.0686,HOLD,"[18428.474609375, 18368.39453125, 7328.3916015625]"
2025-05-26 04:06:50.173067+00:00,1.137,HOLD,0.9746163,15.0686,HOLD,"[18659.486328125, 18597.931640625, 7477.4990234375]"
2025-05-26 04:07:54.436208+00:00,1.136,HOLD,0.9746163,15.0686,HOLD,"[19291.5703125, 19224.884765625, 7968.0068359375]"
2025-05-26 04:08:58.326171+00:00,1.135,HOLD,0.9746163,15.0686,HOLD,"[19726.5859375, 19656.142578125, 8322.8271484375]"
2025-05-26 04:10:02.518043+00:00,1.137,HOLD,0.9746163,15.0686,HOLD,"[20589.423828125, 20513.685546875, 8911.9443359375]"
2025-05-26 04:11:06.709862+00:00,1.138,HOLD,0.9746163,15.0686,HOLD,"[20919.01171875, 20843.3125, 9150.5283203125]"
2025-05-26 04:12:10.271872+00:00,1.135,HOLD,0.9746163,15.0686,HOLD,"[21549.59375, 21475.787109375, 9749.3701171875]"
2025-05-26 04:13:14.260716+00:00,1.133,HOLD,0.9746163,15.0686,HOLD,"[21648.138671875, 21575.423828125, 9905.5712890625]"
2025-05-26 04:14:18.514693+00:00,1.129,HOLD,0.9746163,15.0686,HOLD,"[24346.474609375, 24278.74609375, 12224.36328125]"
2025-05-26 04:15:22.376029+00:00,1.129,HOLD,0.9746163,15.0686,HOLD,"[24667.341796875, 24599.978515625, 12482.28515625]"
2025-05-26 04:16:26.545373+00:00,1.132,HOLD,0.9746163,15.0686,HOLD,"[25170.8828125, 25102.669921875, 12775.2080078125]"
2025-05-26 04:17:30.336088+00:00,1.133,HOLD,0.9746163,15.0686,HOLD,"[25496.49609375, 25428.169921875, 12998.974609375]"
2025-05-26 04:18:34.458426+00:00,1.131,HOLD,0.9746163,15.0686,HOLD,"[25527.951171875, 25460.625, 13099.845703125]"
2025-05-26 04:19:38.535722+00:00,1.135,HOLD,0.9746163,15.0686,HOLD,"[26086.025390625, 26017.390625, 13395.8642578125]"
2025-05-26 04:20:42.608459+00:00,1.137,HOLD,0.9746163,15.0686,HOLD,"[26792.115234375, 26723.451171875, 13897.8154296875]"
2025-05-26 04:21:46.408893+00:00,1.136,HOLD,0.9746163,15.0686,HOLD,"[26951.005859375, 26882.861328125, 14052.1142578125]"
2025-05-26 04:22:50.352203+00:00,1.136,HOLD,0.9746163,15.0686,HOLD,"[27012.0625, 26943.990234375, 14101.1943359375]"
2025-05-26 04:23:54.101448+00:00,1.134,HOLD,0.9746163,15.0686,HOLD,"[27003.560546875, 26936.466796875, 14172.0771484375]"
2025-05-26 04:24:58.269936+00:00,1.136,HOLD,0.9746163,15.0686,HOLD,"[27257.1875, 27189.392578125, 14298.232421875]"
2025-05-26 04:26:01.805630+00:00,1.136,HOLD,0.9746163,15.0686,HOLD,"[27789.380859375, 27722.1953125, 14726.025390625]"
2025-05-26 04:27:05.312175+00:00,1.136,HOLD,0.9746163,15.0686,HOLD,"[27937.962890625, 27870.9453125, 14845.455078125]"
2025-05-26 04:28:09.332528+00:00,1.135,HOLD,0.9746163,15.0686,HOLD,"[28030.462890625, 27964.044921875, 14958.8486328125]"
2025-05-26 04:29:13.444779+00:00,1.135,HOLD,0.9746163,15.0686,HOLD,"[28193.78125, 28127.552734375, 15090.1279296875]"
2025-05-26 04:30:17.372489+00:00,1.135,HOLD,0.9746163,15.0686,HOLD,"[28261.216796875, 28195.064453125, 15144.3330078125]"
2025-05-26 04:31:21.499452+00:00,1.137,HOLD,0.9746163,15.0686,HOLD,"[28700.603515625, 28634.1171875, 15431.90625]"
2025-05-26 04:32:25.350887+00:00,1.138,HOLD,0.9746163,15.0686,HOLD,"[29562.099609375, 29496.259765625, 16098.0498046875]"
2025-05-26 04:33:29.619882+00:00,1.137,HOLD,0.9746163,15.0686,HOLD,"[30384.185546875, 30319.619140625, 16785.205078125]"
2025-05-26 04:34:32.687931+00:00,1.135,HOLD,0.9746163,15.0686,HOLD,"[30816.580078125, 30753.337890625, 17198.392578125]"
2025-05-26 04:35:36.329044+00:00,1.134,HOLD,0.9746163,15.0686,HOLD,"[31074.294921875, 31011.841796875, 17444.228515625]"
2025-05-26 04:36:40.275750+00:00,1.133,HOLD,0.9746163,15.0686,HOLD,"[31123.59765625, 31061.693359375, 17522.173828125]"
2025-05-26 04:37:44.209371+00:00,1.134,HOLD,0.9746163,15.0686,HOLD,"[31371.810546875, 31309.69921875, 17683.37890625]"
2025-05-26 04:38:48.372312+00:00,1.135,HOLD,0.9746163,15.0686,HOLD,"[31690.837890625, 31628.59375, 17901.14453125]"
2025-05-26 04:39:52.044377+00:00,1.138,HOLD,0.9746163,15.0686,HOLD,"[32579.236328125, 32516.837890625, 18523.294921875]"
2025-05-26 04:40:56.117342+00:00,1.134,HOLD,0.9746163,15.0686,HOLD,"[32836.4140625, 32775.9765625, 18860.66015625]"
2025-05-26 04:41:59.476289+00:00,1.134,HOLD,0.9746163,15.0686,HOLD,"[33264.30078125, 33204.3515625, 19204.603515625]"
2025-05-26 04:43:03.578919+00:00,1.133,HOLD,0.9746163,15.0686,HOLD,"[33418.203125, 33358.9140625, 19366.626953125]"
2025-05-26 04:44:07.656520+00:00,1.133,HOLD,0.9746163,15.0686,HOLD,"[33905.77734375, 33847.046875, 19758.552734375]"
2025-05-26 04:45:11.843395+00:00,1.131,HOLD,0.9746163,15.0686,HOLD,"[34205.4140625, 34147.98828125, 20074.990234375]"
2025-05-26 04:46:15.489624+00:00,1.134,HOLD,0.9746163,15.0686,HOLD,"[34902.9375, 34844.859375, 20521.783203125]"
2025-05-26 04:47:19.276011+00:00,1.136,HOLD,0.9746163,15.0686,HOLD,"[35236.61328125, 35177.92578125, 20712.283203125]"
2025-05-26 04:48:23.431573+00:00,1.137,HOLD,0.9746163,15.0686,HOLD,"[35831.80078125, 35773.453125, 21164.126953125]"
2025-05-26 04:49:27.552927+00:00,1.135,HOLD,0.9746163,15.0686,HOLD,"[36014.33203125, 35957.02734375, 21376.46875]"
2025-05-26 04:50:31.575488+00:00,1.133,HOLD,0.9746163,15.0686,HOLD,"[36013.46484375, 35957.13671875, 21452.763671875]"
2025-05-26 04:51:35.433289+00:00,1.136,HOLD,0.9746163,15.0686,HOLD,"[36682.2109375, 36625.171875, 21874.29296875]"
2025-05-26 04:52:39.377123+00:00,1.134,HOLD,0.9746163,15.0686,HOLD,"[36618.37890625, 36562.2578125, 21900.697265625]"
2025-05-26 04:53:43.625459+00:00,1.132,HOLD,0.9746163,15.0686,HOLD,"[36944.67578125, 36889.8984375, 22239.255859375]"
2025-05-26 04:54:47.459151+00:00,1.132,HOLD,0.9746163,15.0686,HOLD,"[37264.85546875, 37210.4453125, 22496.62109375]"
2025-05-26 04:55:51.687638+00:00,1.134,HOLD,0.9746163,15.0686,HOLD,"[37985.78515625, 37931.2265625, 22999.84765625]"
2025-05-26 04:56:55.172440+00:00,1.136,HOLD,0.9746163,15.0686,HOLD,"[38318.51953125, 38263.3359375, 23189.591796875]"
2025-05-26 04:57:59.011760+00:00,1.134,HOLD,0.9746163,15.0686,HOLD,"[38263.73046875, 38209.48828125, 23223.265625]"
2025-05-26 04:59:03.195218+00:00,1.134,HOLD,0.9746163,15.0686,HOLD,"[38459.96484375, 38405.94140625, 23381.001953125]"
2025-05-26 05:00:07.529442+00:00,1.135,HOLD,0.9746163,15.0686,BUY,"[10450.65625, 10678.634765625, 3578.333251953125]"
2025-05-26 05:01:11.365505+00:00,1.135,HOLD,0.9746163,15.0686,BUY,"[11653.767578125, 11837.4892578125, 3960.763671875]"
2025-05-26 05:02:14.375503+00:00,1.134,HOLD,0.9746163,15.0686,BUY,"[15032.87109375, 15093.537109375, 5145.1767578125]"
2025-05-26 05:03:18.654314+00:00,1.137,HOLD,0.9746163,15.0686,BUY,"[15437.2626953125, 15445.2939453125, 5269.400390625]"
2025-05-26 05:04:21.257932+00:00,1.14,HOLD,0.9746163,15.0686,HOLD,"[16867.212890625, 16820.1640625, 6089.56298828125]"
2025-05-26 05:05:23.959229+00:00,1.143,HOLD,0.9746163,15.0686,HOLD,"[17878.35546875, 17824.447265625, 6771.78466796875]"
2025-05-26 05:06:26.590400+00:00,1.144,HOLD,0.9746163,15.0686,HOLD,"[18401.837890625, 18344.212890625, 7137.77099609375]"
2025-05-26 05:07:30.678939+00:00,1.142,HOLD,0.9746163,15.0686,HOLD,"[18670.220703125, 18609.9609375, 7380.77294921875]"
2025-05-26 05:08:32.949078+00:00,1.141,HOLD,0.9746163,15.0686,HOLD,"[19612.123046875, 19544.359375, 8101.1552734375]"
2025-05-26 05:09:37.291535+00:00,1.142,HOLD,0.9746163,15.0686,HOLD,"[19785.7890625, 19716.98828125, 8207.4853515625]"
2025-05-26 05:10:40.877685+00:00,1.142,HOLD,0.9746163,15.0686,HOLD,"[20070.494140625, 19999.515625, 8418.4736328125]"
2025-05-26 05:11:44.245687+00:00,1.141,HOLD,0.9746163,15.0686,HOLD,"[20435.369140625, 20361.302734375, 8711.2373046875]"
2025-05-26 05:12:48.145575+00:00,1.139,HOLD,0.9746163,15.0686,HOLD,"[20562.404296875, 20486.767578125, 8850.7529296875]"
2025-05-26 05:13:51.600578+00:00,1.14,HOLD,0.9746163,15.0686,HOLD,"[20702.822265625, 20626.412109375, 8932.017578125]"
2025-05-26 05:14:55.140605+00:00,1.14,HOLD,0.9746163,15.0686,HOLD,"[20870.681640625, 20794.345703125, 9066.1376953125]"
2025-05-26 05:15:58.914070+00:00,1.141,HOLD,0.9746163,15.0686,HOLD,"[21357.060546875, 21280.935546875, 9429.9326171875]"
2025-05-26 05:17:03.090636+00:00,1.139,HOLD,0.9746163,15.0686,HOLD,"[21833.611328125, 21758.724609375, 9867.59375]"
2025-05-26 05:18:06.194474+00:00,1.142,HOLD,0.9746163,15.0686,HOLD,"[22061.68359375, 21986.01953125, 9969.4091796875]"
2025-05-26 05:19:10.090024+00:00,1.145,HOLD,0.9746163,15.0686,HOLD,"[22703.8203125, 22627.87890625, 10406.3134765625]"
2025-05-26 05:20:15.161113+00:00,1.145,HOLD,0.9746163,15.0686,HOLD,"[23204.681640625, 23129.310546875, 10808.91796875]"
2025-05-26 05:21:19.492763+00:00,1.145,HOLD,0.9746163,15.0686,HOLD,"[23707.798828125, 23633.001953125, 11213.333984375]"
2025-05-26 05:22:23.854000+00:00,1.145,HOLD,0.9746163,15.0686,HOLD,"[23953.447265625, 23878.931640625, 11410.7919921875]"
2025-05-26 05:23:27.040657+00:00,1.146,HOLD,0.9746163,15.0686,HOLD,"[24422.017578125, 24347.705078125, 11761.5048828125]"
2025-05-26 05:24:30.986388+00:00,1.147,HOLD,0.9746163,15.0686,HOLD,"[24690.296875, 24615.962890625, 11951.4560546875]"
2025-05-26 05:25:35.356634+00:00,1.15,HOLD,0.9746163,15.0686,HOLD,"[25411.173828125, 25336.697265625, 12455.19140625]"
2025-05-26 05:26:39.392338+00:00,1.15,HOLD,0.9746163,15.0686,HOLD,"[26478.541015625, 26405.283203125, 13313.1708984375]"
2025-05-26 05:27:43.048034+00:00,1.149,HOLD,0.9746163,15.0686,HOLD,"[27064.353515625, 26992.080078125, 13809.0673828125]"
2025-05-26 05:28:46.941747+00:00,1.15,HOLD,0.9746163,15.0686,HOLD,"[27158.759765625, 27086.275390625, 13859.9404296875]"
2025-05-26 05:29:50.648213+00:00,1.151,HOLD,0.9746163,15.0686,HOLD,"[27497.818359375, 27425.404296875, 14107.6923828125]"
2025-05-26 05:30:54.577372+00:00,1.153,HOLD,0.9746163,15.0686,HOLD,"[28622.466796875, 28550.712890625, 14962.7783203125]"
2025-05-26 05:31:58.155092+00:00,1.15,HOLD,0.9746163,15.0686,HOLD,"[29915.13671875, 29845.796875, 16075.5810546875]"
2025-05-26 05:33:02.116630+00:00,1.152,HOLD,0.9746163,15.0686,HOLD,"[31351.498046875, 31283.169921875, 17180.796875]"
2025-05-26 05:34:05.895860+00:00,1.154,HOLD,0.9746163,15.0686,HOLD,"[32432.15234375, 32364.435546875, 18000.947265625]"
2025-05-26 05:35:09.819924+00:00,1.152,HOLD,0.9746163,15.0686,HOLD,"[32837.2578125, 32770.625, 18375.087890625]"
2025-05-26 05:36:14.007767+00:00,1.156,HOLD,0.9746163,15.0686,HOLD,"[34137.28515625, 34070.91015625, 19323.904296875]"
2025-05-26 05:37:20.348834+00:00,1.157,HOLD,0.9746163,15.0686,HOLD,"[34653.76171875, 34587.6796875, 19715.529296875]"
2025-05-26 05:38:24.400972+00:00,1.152,HOLD,0.9746163,15.0686,HOLD,"[34620.84375, 34556.25, 19808.7734375]"
2025-05-26 05:39:28.456530+00:00,1.151,HOLD,0.9746163,15.0686,HOLD,"[35152.55859375, 35088.8828125, 20260.751953125]"
2025-05-26 05:40:32.386402+00:00,1.151,HOLD,0.9746163,15.0686,HOLD,"[35314.71875, 35251.2265625, 20391.099609375]"
2025-05-26 05:41:36.431119+00:00,1.152,HOLD,0.9746163,15.0686,HOLD,"[35646.54296875, 35583.1171875, 20633.251953125]"
2025-05-26 05:42:40.287456+00:00,1.152,HOLD,0.9746163,15.0686,HOLD,"[35814.69921875, 35751.46484375, 20768.42578125]"
2025-05-26 05:43:44.894079+00:00,1.152,HOLD,0.9746163,15.0686,HOLD,"[36590.5078125, 36528.15625, 21392.03125]"
2025-05-26 05:44:48.532677+00:00,1.15,HOLD,0.9746163,15.0686,HOLD,"[36558.6015625, 36496.84375, 21415.755859375]"
2025-05-26 05:45:52.764822+00:00,1.151,HOLD,0.9746163,15.0686,HOLD,"[36701.2421875, 36639.33203125, 21505.62109375]"
2025-05-26 05:46:56.193182+00:00,1.153,HOLD,0.9746163,15.0686,HOLD,"[37344.3046875, 37282.5078125, 21973.6015625]"
2025-05-26 05:48:00.130237+00:00,1.152,HOLD,0.9746163,15.0686,HOLD,"[37397.53515625, 37336.1015625, 22040.744140625]"
2025-05-26 05:49:04.414819+00:00,1.154,HOLD,0.9746163,15.0686,HOLD,"[37573.59375, 37511.7421875, 22133.7578125]"
2025-05-26 05:50:08.900991+00:00,1.153,HOLD,0.9746163,15.0686,HOLD,"[37951.05859375, 37889.94921875, 22461.314453125]"
2025-05-26 05:51:11.937471+00:00,1.153,HOLD,0.9746163,15.0686,HOLD,"[38097.37890625, 38036.4375, 22578.93359375]"
2025-05-26 05:52:16.049895+00:00,1.152,HOLD,0.9746163,15.0686,HOLD,"[38517.390625, 38457.234375, 22940.908203125]"
2025-05-26 05:53:19.858736+00:00,1.154,HOLD,0.9746163,15.0686,HOLD,"[38963.49609375, 38903.234375, 23250.994140625]"
2025-05-26 05:54:23.723584+00:00,1.154,HOLD,0.9746163,15.0686,HOLD,"[39100.390625, 39040.28515625, 23361.033203125]"
2025-05-26 05:55:26.673266+00:00,1.156,HOLD,0.9746163,15.0686,HOLD,"[39419.109375, 39358.7578125, 23569.560546875]"
2025-05-26 05:56:30.474653+00:00,1.158,HOLD,0.9746163,15.0686,HOLD,"[39819.8671875, 39759.37890625, 23844.837890625]"
2025-05-26 05:57:34.450762+00:00,1.159,HOLD,0.9746163,15.0686,HOLD,"[40233.171875, 40172.85546875, 24153.931640625]"
2025-05-26 05:58:37.990084+00:00,1.157,HOLD,0.9746163,15.0686,HOLD,"[40455.984375, 40396.515625, 24379.49609375]"
2025-05-26 05:59:42.082251+00:00,1.155,HOLD,0.9746163,15.0686,HOLD,"[40935.2578125, 40876.9375, 24811.998046875]"
2025-05-26 06:00:45.197033+00:00,1.153,HOLD,0.9746163,15.0686,BUY,"[14541.9853515625, 14650.556640625, 4954.7744140625]"
2025-05-26 06:01:47.963230+00:00,1.155,HOLD,0.9746163,15.0686,HOLD,"[17512.259765625, 17464.6953125, 6231.833984375]"
2025-05-26 06:02:50.974965+00:00,1.156,HOLD,0.9746163,15.0686,HOLD,"[17796.158203125, 17746.697265625, 6421.21484375]"
2025-05-26 06:03:54.767913+00:00,1.154,HOLD,0.9746163,15.0686,HOLD,"[17954.779296875, 17903.548828125, 6580.9765625]"
2025-05-26 06:04:58.305647+00:00,1.151,HOLD,0.9746163,15.0686,HOLD,"[18737.009765625, 18678.388671875, 7267.03759765625]"
2025-05-26 06:06:01.918928+00:00,1.15,HOLD,0.9746163,15.0686,HOLD,"[18913.728515625, 18853.296875, 7432.76708984375]"
2025-05-26 06:07:05.828009+00:00,1.152,HOLD,0.9746163,15.0686,HOLD,"[19476.71875, 19412.900390625, 7780.1044921875]"
2025-05-26 06:08:09.553420+00:00,1.155,HOLD,0.9746163,15.0686,HOLD,"[20022.763671875, 19955.982421875, 8092.29296875]"
2025-05-26 06:09:13.956736+00:00,1.157,HOLD,0.9746163,15.0686,HOLD,"[20767.919921875, 20695.982421875, 8602.6875]"
2025-05-26 06:10:18.541415+00:00,1.155,HOLD,0.9746163,15.0686,HOLD,"[21211.083984375, 21135.205078125, 8972.921875]"
2025-05-26 06:11:21.922834+00:00,1.151,HOLD,0.9746163,15.0686,HOLD,"[21109.076171875, 21032.298828125, 9024.9052734375]"
2025-05-26 06:12:25.927466+00:00,1.153,HOLD,0.9746163,15.0686,HOLD,"[21601.58984375, 21521.970703125, 9319.3251953125]"
